{
    "loss": 0.006867913994938135,
    "accuracy": 0.9901960492134094
}