{
    "loss": 173.47813415527344,
    "accuracy": 0.4313725531101227
}